{
  "timestamp": "2025-11-18T15:08:37.030443",
  "dataset_sizes": [
    100,
    1000,
    5000,
    10000,
    25000
  ],
  "results": {
    "100": {
      "sequential": {
        "avg": 0.008199999865610152,
        "std": 0.006409761119549379,
        "min": 0.0020999868866056204,
        "max": 0.04569999873638153,
        "median": 0.006900008884258568,
        "cpu": 302.81,
        "memory_delta": 0.00015625,
        "percentile_95": 0.018334997002966702
      },
      "direct": {
        "avg": 0.007423999486491084,
        "std": 0.014165937017838427,
        "min": 0.0019999861251562834,
        "max": 0.13020000187680125,
        "median": 0.0045000051613897085,
        "cpu": 0.0,
        "memory_delta": 3.90625e-05,
        "percentile_95": 0.01488499838160351
      },
      "binary": {
        "avg": 0.013793997059110552,
        "std": 0.0169744594047328,
        "min": 0.0037999998312443495,
        "max": 0.15209999401122332,
        "median": 0.008899995009414852,
        "cpu": 13.703499999999998,
        "memory_delta": 7.8125e-05,
        "percentile_95": 0.0373049930203706
      },
      "cached": {
        "avg": 0.001430001575499773,
        "std": 0.0020941716315409403,
        "min": 0.000300002284348011,
        "max": 0.01479999627918005,
        "median": 0.000800006091594696,
        "cpu": 0.0,
        "memory_delta": 0.0001171875,
        "percentile_95": 0.00618001795373857
      },
      "memory_mb": {
        "list": 0.02681732177734375,
        "dict": 0.03426361083984375,
        "binary": 0.02675628662109375,
        "cache": 6.103515625e-05
      },
      "file_types": {
        "zip": {
          "count": 11,
          "total_size": 72980742
        },
        "jpg": {
          "count": 10,
          "total_size": 52320478
        },
        "doc": {
          "count": 18,
          "total_size": 78562261
        },
        "xlsx": {
          "count": 14,
          "total_size": 52470440
        },
        "pptx": {
          "count": 10,
          "total_size": 35017380
        },
        "mp4": {
          "count": 15,
          "total_size": 79549256
        },
        "pdf": {
          "count": 9,
          "total_size": 44772991
        },
        "txt": {
          "count": 13,
          "total_size": 73444287
        }
      }
    },
    "1000": {
      "sequential": {
        "avg": 0.05378599889809266,
        "std": 0.12399093031159836,
        "min": 0.003200024366378784,
        "max": 1.2142000196035951,
        "median": 0.036600002204068005,
        "cpu": 126.8265,
        "memory_delta": 0.0,
        "percentile_95": 0.08160498546203598
      },
      "direct": {
        "avg": 0.00682099984260276,
        "std": 0.02356507136152755,
        "min": 0.001800013706088066,
        "max": 0.23689999943599105,
        "median": 0.0041000021155923605,
        "cpu": 0.0,
        "memory_delta": 0.0,
        "percentile_95": 0.013029984256718308
      },
      "binary": {
        "avg": 0.009860999416559935,
        "std": 0.02724387560846306,
        "min": 0.0034999975468963385,
        "max": 0.27740001678466797,
        "median": 0.006499991286545992,
        "cpu": 0.0,
        "memory_delta": 3.90625e-05,
        "percentile_95": 0.013989991566631943
      },
      "cached": {
        "avg": 0.006251001614145935,
        "std": 0.018245860884174306,
        "min": 0.000700005330145359,
        "max": 0.13070000568404794,
        "median": 0.0023500033421441913,
        "cpu": 488.281,
        "memory_delta": 3.90625e-05,
        "percentile_95": 0.010335019032936543
      },
      "memory_mb": {
        "list": 0.26784515380859375,
        "dict": 0.335723876953125,
        "binary": 0.26708221435546875,
        "cache": 6.103515625e-05
      },
      "file_types": {
        "zip": {
          "count": 134,
          "total_size": 696382347
        },
        "pptx": {
          "count": 139,
          "total_size": 722067289
        },
        "txt": {
          "count": 123,
          "total_size": 609906502
        },
        "doc": {
          "count": 107,
          "total_size": 542580735
        },
        "pdf": {
          "count": 112,
          "total_size": 601527794
        },
        "xlsx": {
          "count": 130,
          "total_size": 680864504
        },
        "mp4": {
          "count": 129,
          "total_size": 745553834
        },
        "jpg": {
          "count": 126,
          "total_size": 685984424
        }
      }
    },
    "5000": {
      "sequential": {
        "avg": 0.2395609999075532,
        "std": 0.6924081348468506,
        "min": 0.013199984095990658,
        "max": 6.997200020123273,
        "median": 0.15240001084748656,
        "cpu": 0.0,
        "memory_delta": 0.0,
        "percentile_95": 0.40469002560712397
      },
      "direct": {
        "avg": 0.0034330005291849375,
        "std": 0.002930751945979968,
        "min": 0.0016999838408082724,
        "max": 0.02720000338740647,
        "median": 0.002600019797682762,
        "cpu": 0.0,
        "memory_delta": 0.0,
        "percentile_95": 0.006089989619795233
      },
      "binary": {
        "avg": 0.013837001752108335,
        "std": 0.04026008410420209,
        "min": 0.0034999975468963385,
        "max": 0.40320001426152885,
        "median": 0.007049995474517345,
        "cpu": 0.0,
        "memory_delta": 0.0,
        "percentile_95": 0.03370999620528892
      },
      "cached": {
        "avg": 0.0013729956117458642,
        "std": 0.0007495243148079161,
        "min": 0.0006999762263149023,
        "max": 0.005299982149153948,
        "median": 0.0011999800335615873,
        "cpu": 0.0,
        "memory_delta": 0.0,
        "percentile_95": 0.0025999906938523054
      },
      "memory_mb": {
        "list": 1.3369369506835938,
        "dict": 1.653533935546875,
        "binary": 1.3351974487304688,
        "cache": 6.103515625e-05
      },
      "file_types": {
        "doc": {
          "count": 616,
          "total_size": 3186934617
        },
        "txt": {
          "count": 619,
          "total_size": 3171705051
        },
        "pdf": {
          "count": 634,
          "total_size": 3236173478
        },
        "pptx": {
          "count": 602,
          "total_size": 3279928656
        },
        "zip": {
          "count": 661,
          "total_size": 3489641379
        },
        "mp4": {
          "count": 624,
          "total_size": 3332386555
        },
        "jpg": {
          "count": 615,
          "total_size": 3114914298
        },
        "xlsx": {
          "count": 629,
          "total_size": 3241465066
        }
      }
    },
    "10000": {
      "sequential": {
        "avg": 0.4105210007401183,
        "std": 0.6195047028843833,
        "min": 0.0035999983083456755,
        "max": 4.802599985850975,
        "median": 0.2730000123847276,
        "cpu": 93.132,
        "memory_delta": 0.0,
        "percentile_95": 1.3250249889097176
      },
      "direct": {
        "avg": 0.0028849992668256164,
        "std": 0.00123307801584781,
        "min": 0.00200001522898674,
        "max": 0.010000017937272787,
        "median": 0.0025000044843181968,
        "cpu": 0.0,
        "memory_delta": 0.0,
        "percentile_95": 0.006239989306777716
      },
      "binary": {
        "avg": 0.01612899941392243,
        "std": 0.017271769260640817,
        "min": 0.0040000013541430235,
        "max": 0.08090000483207405,
        "median": 0.008400005754083395,
        "cpu": 0.0,
        "memory_delta": 0.0,
        "percentile_95": 0.05657999572576955
      },
      "cached": {
        "avg": 0.002093999646604061,
        "std": 0.0011939096655795625,
        "min": 0.000900006853044033,
        "max": 0.006600021151825786,
        "median": 0.0016499980119988322,
        "cpu": 27.8025,
        "memory_delta": 0.0,
        "percentile_95": 0.004979981167707592
      },
      "memory_mb": {
        "list": 2.6752243041992188,