{
  "timestamp": "2025-11-18T16:36:04.942480",
  "dataset_sizes": [
    100,
    1000,
    5000,
    10000,
    25000,
    50000
  ],
  "results": {
    "100": {
      "sequential": {
        "avg": 0.0037900000461377203,
        "std": 0.0022721196446202183,
        "min": 0.001500011421740055,
        "max": 0.020800012862309813,
        "median": 0.003349996404722333,
        "cpu": 0.0,
        "memory_delta": 0.0001953125,
        "percentile_95": 0.006494992703665048
      },
      "direct": {
        "avg": 0.002694999857340008,
        "std": 0.0019196156635408472,
        "min": 0.001400010660290718,
        "max": 0.01889999839477241,
        "median": 0.002400018274784088,
        "cpu": 0.0,
        "memory_delta": 7.8125e-05,
        "percentile_95": 0.005050009349361062
      },
      "binary": {
        "avg": 0.0041869995766319335,
        "std": 0.005233971359180164,
        "min": 0.0016999838408082724,
        "max": 0.04019998596049845,
        "median": 0.0026999914553016424,
        "cpu": 0.0,
        "memory_delta": 0.00015625,
        "percentile_95": 0.01123999827541411
      },
      "cached": {
        "avg": 0.0011219980660825968,
        "std": 0.001245238846810309,
        "min": 0.000300002284348011,
        "max": 0.010899995686486363,
        "median": 0.000800006091594696,
        "cpu": 0.0,
        "memory_delta": 0.0001171875,
        "percentile_95": 0.00317999511025846
      },
      "memory_mb": {
        "list": 0.02681732177734375,
        "dict": 0.03426361083984375,
        "binary": 0.02675628662109375,
        "cache": 6.103515625e-05
      },
      "file_types": {
        "jpg": {
          "count": 11,
          "total_size": 34253423
        },
        "pdf": {
          "count": 15,
          "total_size": 76243265
        },
        "zip": {
          "count": 12,
          "total_size": 71771110
        },
        "mp4": {
          "count": 14,
          "total_size": 77958001
        },
        "doc": {
          "count": 13,
          "total_size": 68520453
        },
        "txt": {
          "count": 9,
          "total_size": 50599531
        },
        "xlsx": {
          "count": 21,
          "total_size": 117816862
        },
        "pptx": {
          "count": 5,
          "total_size": 18849202
        }
      }
    },
    "1000": {
      "sequential": {
        "avg": 0.03085700038354844,
        "std": 0.019047740523882032,
        "min": 0.0031999952625483274,
        "max": 0.10309999925084412,
        "median": 0.02749999111983925,
        "cpu": 0.0,
        "memory_delta": 0.0,
        "percentile_95": 0.059559989313129336
      },
      "direct": {
        "avg": 0.0028849986847490072,
        "std": 0.005811314170330456,
        "min": 0.001400010660290718,
        "max": 0.059699988923966885,
        "median": 0.00200001522898674,
        "cpu": 0.0,
        "memory_delta": 0.0,
        "percentile_95": 0.0037949997931718826
      },
      "binary": {
        "avg": 0.014220001467037946,
        "std": 0.015170712431921309,
        "min": 0.00300002284348011,
        "max": 0.11799999629147351,
        "median": 0.008749993867240846,
        "cpu": 6.853,
        "memory_delta": 3.90625e-05,
        "percentile_95": 0.040125014493241906
      },
      "cached": {
        "avg": 0.0011619995348155499,
        "std": 0.0008709416936400862,
        "min": 0.000500003807246685,
        "max": 0.005600013537332416,
        "median": 0.0008999923011288047,
        "cpu": 0.0,
        "memory_delta": 3.90625e-05,
        "percentile_95": 0.0027699919883161783
      },
      "memory_mb": {
        "list": 0.26784515380859375,
        "dict": 0.335723876953125,
        "binary": 0.26708221435546875,
        "cache": 6.103515625e-05
      },
      "file_types": {
        "txt": {
          "count": 110,
          "total_size": 582790642
        },
        "pdf": {
          "count": 133,
          "total_size": 742434446
        },
        "doc": {
          "count": 122,
          "total_size": 645640095
        },
        "jpg": {
          "count": 134,
          "total_size": 663435515
        },
        "mp4": {
          "count": 122,
          "total_size": 648016896
        },
        "xlsx": {
          "count": 118,
          "total_size": 632603454
        },
        "zip": {
          "count": 127,
          "total_size": 679103595
        },
        "pptx": {
          "count": 134,
          "total_size": 661183678
        }
      }
    },
    "5000": {
      "sequential": {
        "avg": 0.15918299817712978,
        "std": 0.5368373684211522,
        "min": 0.0032999960239976645,
        "max": 5.435700004454702,
        "median": 0.11094998626504093,
        "cpu": 57.3185,
        "memory_delta": 0.0,
        "percentile_95": 0.2406000014161691
      },
      "direct": {
        "avg": 0.0029650022042915225,
        "std": 0.0030967027758570303,
        "min": 0.001500011421740055,
        "max": 0.03090000245720148,
        "median": 0.0024999899324029684,
        "cpu": 0.0,
        "memory_delta": 0.0,
        "percentile_95": 0.004690006608143449
      },
      "binary": {
        "avg": 0.005189999064896256,
        "std": 0.003010502000268225,
        "min": 0.0025999906938523054,
        "max": 0.028999987989664078,
        "median": 0.0046000059228390455,
        "cpu": 0.0,
        "memory_delta": 0.0,
        "percentile_95": 0.007889974222052842
      },
      "cached": {
        "avg": 0.001756999990902841,
        "std": 0.0021914557476647887,
        "min": 0.0004999747034162283,
        "max": 0.014699995517730713,
        "median": 0.0010999792721122503,
        "cpu": 0.0,
        "memory_delta": 0.0,
        "percentile_95": 0.006215016765054315
      },
      "memory_mb": {
        "list": 1.3369369506835938,
        "dict": 1.653533935546875,
        "binary": 1.3351974487304688,
        "cache": 6.103515625e-05
      },
      "file_types": {
        "zip": {
          "count": 623,
          "total_size": 3160923551
        },
        "doc": {
          "count": 621,
          "total_size": 3189085324
        },
        "pdf": {
          "count": 620,
          "total_size": 3182889573
        },
        "mp4": {
          "count": 614,
          "total_size": 3272846489
        },
        "pptx": {
          "count": 610,
          "total_size": 3396163512
        },
        "jpg": {
          "count": 629,
          "total_size": 3342264683
        },
        "txt": {
          "count": 631,
          "total_size": 3257862758
        },
        "xlsx": {
          "count": 652,
          "total_size": 3407025073
        }
      }
    },
    "10000": {
      "sequential": {
        "avg": 0.25189699954353273,
        "std": 0.48090605327699065,
        "min": 0.0023999891709536314,
        "max": 4.458299983525649,
        "median": 0.16899999172892421,
        "cpu": 14.812,
        "memory_delta": 0.0,
        "percentile_95": 0.705870013916865
      },
      "direct": {
        "avg": 0.0020430012955330312,
        "std": 0.0007383101376104641,
        "min": 0.001400010660290718,
        "max": 0.007800001185387373,
        "median": 0.001800013706088066,
        "cpu": 0.0,
        "memory_delta": 0.0,
        "percentile_95": 0.0029999937396496534
      },
      "binary": {
        "avg": 0.0047310005174949765,
        "std": 0.0016787249225709395,
        "min": 0.0020999868866056204,
        "max": 0.018399994587525725,
        "median": 0.0045000051613897085,
        "cpu": 0.0,
        "memory_delta": 0.0,
        "percentile_95": 0.006399990525096655
      },
      "cached": {
        "avg": 0.002427997824270278,
        "std": 0.0026217443123075783,
        "min": 0.000500003807246685,
        "max": 0.016200006939470768,
        "median": 0.0014499964891001582,
        "cpu": 190.085,
        "memory_delta": 3.90625e-05,
        "percentile_95": 0.008569979399908334
      },